{
  "ABAETETUBA": "DRE - ABAETETUBA",
  "ACARA": "DRE - ABAETETUBA",
  "BARCARENA": "DRE - ABAETETUBA",
  "IGARAPE-MIRI": "DRE - ABAETETUBA",
  "MOJU": "DRE - ABAETETUBA",
  "TAILANDIA": "DRE - ABAETETUBA",

  "AFUA": "DRE - AFUA",
  "CHAVES": "DRE - AFUA",

  "ALTAMIRA": "DRE - ALTAMIRA",
  "ANAPU": "DRE - ALTAMIRA",
  "BRASIL NOVO": "DRE - ALTAMIRA",
  "MEDICILANDIA": "DRE - ALTAMIRA",
  "PORTO DE MOZ": "DRE - ALTAMIRA",
  "SENADOR JOSE PORFIRIO": "DRE - ALTAMIRA",
  "URUARA": "DRE - ALTAMIRA",
  "VITORIA DO XINGU": "DRE - ALTAMIRA",

  "ANANINDEUA": "DRE - ANANINDEUA",

  "BELEM": "DRE - BELEM",

  "BENEVIDES": "DRE - BENEVIDES",
  "SANTA BARBARA DO PARA": "DRE - BENEVIDES",

  "BRAGANCA": "DRE - BRAGANCA",
  "AUGUSTO CORREA": "DRE - BRAGANCA",
  "TRAQUATEUA": "DRE - BRAGANCA",

  "BREVES": "DRE - BREVES",
  "ANAJAS": "DRE - BREVES",
  "BAGRE": "DRE - BREVES",
  "CURRALINHO": "DRE - BREVES",
  "GURUPA": "DRE - BREVES",
  "MELGACO": "DRE - BREVES",
  "PORTEL": "DRE - BREVES",

  "CAPANEMA": "DRE - CAPANEMA",
  "BONITO": "DRE - CAPANEMA",
  "NOVA TIMBOTEUA": "DRE - CAPANEMA",
  "PEIXE-BOI": "DRE - CAPANEMA",
  "PEIXE BOI": "DRE - CAPANEMA",
  "BOI": "DRE - CAPANEMA",
  "PRIMAVERA": "DRE - CAPANEMA",
  "QUATIPURU": "DRE - CAPANEMA",
  "SALINOPOLIS": "DRE - CAPANEMA",
  "SANTA LUZIA DO PARA": "DRE - CAPANEMA",
  "SANTAREM NOVO": "DRE - CAPANEMA",
  "SAO JOAO DE PIRABAS": "DRE - CAPANEMA",

  "CASTANHAL": "DRE - CASTANHAL",
  "INHANGAPI": "DRE - CASTANHAL",
  "SANTA MARIA DO PARA": "DRE - CASTANHAL",
  "SAO FRANCISCO DO PARA": "DRE - CASTANHAL",
  "S.D. DO CAPIM": "DRE - CASTANHAL",
  "SAO DOMINGOS DO CAPIM": "DRE - CASTANHAL",
  "TERRA ALTA": "DRE - CASTANHAL",

  "CONCEICAO DO ARAGUAIA": "DRE - CONCEICAO DO ARAGUAIA",
  "FLORESTA DO ARAGUAIA": "DRE - CONCEICAO DO ARAGUAIA",
  "SANTA MARIA DAS BARREIRAS": "DRE - CONCEICAO DO ARAGUAIA",
  "SANTANA DO ARAGUAIA": "DRE - CONCEICAO DO ARAGUAIA",

  "CURUCA": "DRE - CURUCA",
  "MARAPANIM": "DRE - CURUCA",
  "SAO JOAO DA PONTA": "DRE - CURUCA",
  "S.J. DA PONTA": "DRE - CURUCA",
  

  "SOURE": "DRE - MARAJO NA VALE",
  "CACHOEIRA DO ARARI": "DRE - MARAJO NA VALE",
  "MUANA": "DRE - MARAJO NA VALE",
  "PONTAS DE PEDRAS": "DRE - MARAJO NA VALE",
  "PONTA DE PEDRAS": "DRE - MARAJO NA VALE",
  "SALVATERRA": "DRE - MARAJO NA VALE",
  "SANTA CRUZ DO ARARI": "DRE - MARAJO NA VALE",
  "SAO SEBASTIAO DA BOA VISTA": "DRE - MARAJO NA VALE",

  "ITAITUBA": "DRE - ITAITUBA",
  "JACAREACANGA": "DRE - ITAITUBA",
  "NOVO PROGRESSO": "DRE - ITAITUBA",
  "PLACAS": "DRE - ITAITUBA",
  "RUROPOLIS": "DRE - ITAITUBA",
  "TRAIRAO": "DRE - ITAITUBA",

  "MAE DO RIO": "DRE - MAE DO RIO",
  "AURORA DO PARA": "DRE - MAE DO RIO",
  "DOM ELISEU": "DRE - MAE DO RIO",
  "IPIXUNA DO PARA": "DRE - MAE DO RIO",
  "IRITUIA": "DRE - MAE DO RIO",
  "PARAGOMINAS": "DRE - MAE DO RIO",
  "ULIANOPOLIS": "DRE - MAE DO RIO",

  "MARABA": "DRE - MARABA",
  "ABEL FIGUEIREDO": "DRE - MARABA",
  "BOM JESUS DO TOCANTINS": "DRE - MARABA",
  "BREJO GRANDE DO ARAGUAIA": "DRE - MARABA",
  "ITUPIRANGA": "DRE - MARABA",
  "JACUNDA": "DRE - MARABA",
  "NOVA IPIXUNA": "DRE - MARABA",
  "PALESTINA DO PARA": "DRE - MARABA",
  "PICARRA": "DRE - MARABA",
  "RONDON DO PARA": "DRE - MARABA",
  "SAO DOMINGOS DO ARAGUAIA": "DRE - MARABA",
  "SAO GERALDO DO ARAGUAIA": "DRE - MARABA",
  "SAO JOAO DO ARAGUAIA": "DRE - MARABA",

  "MARACANA": "DRE - MARACANA",
  "IGARAPE-ACU": "DRE - MARACANA",
  "MAGALHAES BARATA": "DRE - MARACANA",

  "MONTE ALEGRE": "DRE - MONTE ALEGRE",
  "ALENQUER": "DRE - MONTE ALEGRE",
  "ALMEIRIM": "DRE - MONTE ALEGRE",
  "PRAINHA": "DRE - MONTE ALEGRE",

  "OBIDOS": "DRE - OBIDOS",
  "CURUA": "DRE - OBIDOS",
  "FARO": "DRE - OBIDOS",
  "JURUTI": "DRE - OBIDOS",
  "ORIXIMINA": "DRE - OBIDOS",
  "TERRA SANTA": "DRE - OBIDOS",

  "PARAUAPEBAS": "DRE - PARAUAPEBAS",
  "AGUA AZUL DO NORTE": "DRE - PARAUAPEBAS",
  "CANAA DOS CARAJAS": "DRE - PARAUAPEBAS",
  "CANAA": "DRE - PARAUAPEBAS",
  "CURIONOPOLIS": "DRE - PARAUAPEBAS",
  "ELDORADO DOS CARAJAS": "DRE - PARAUAPEBAS",

  "REDENCAO": "DRE - REDENCAO",
  "BANNACH": "DRE - REDENCAO",
  "CUMARU DO NORTE": "DRE - REDENCAO",
  "OURILANDIA DO NORTE": "DRE - REDENCAO",
  "PAU D'ARCO": "DRE - REDENCAO",
  "RIO MARIA": "DRE - REDENCAO",
  "SAPUCAIA": "DRE - REDENCAO",
  "SAO FELIX DO XINGU": "DRE - REDENCAO",
  "TUCUMA": "DRE - REDENCAO",
  "XINGUARA": "DRE - REDENCAO",

  "SANTA IZABEL DO PARA": "DRE - SANTA IZABEL DO PARA",
  "BUJARU": "DRE - SANTA IZABEL DO PARA",
  "SANTO ANTONIO DO TAUA": "DRE - SANTA IZABEL DO PARA",
  "SA DO TAUA": "DRE - SANTA IZABEL DO PARA",
  "VIGIA": "DRE - SANTA IZABEL DO PARA",

  "SANTAREM": "DRE - SANTAREM",
  "AVEIRO": "DRE - SANTAREM",
  "BELTERRA": "DRE - SANTAREM",
  "MOJUI DOS CAMPOS": "DRE - SANTAREM",

  "TUCURUI": "DRE - TUCURUI",
  "BREU BRANCO": "DRE - TUCURUI",
  "GOIANESIA DO PARA": "DRE - TUCURUI",
  "NOVO REPARTIMENTO": "DRE - TUCURUI",
  "PACAJA": "DRE - TUCURUI",
  
  "VISEU": "DRE - VISEU",
  "CACHOEIRA DO PIRIA": "DRE - VISEU"
}
